<?xml version="1.0" encoding="UTF-8"?>
<!DOCTYPE codetemplates PUBLIC "-//NetBeans//DTD Editor Code Templates settings 1.0//EN" "http://www.netbeans.org/dtds/EditorCodeTemplates-1_0.dtd">
<codetemplates>
    <codetemplate abbreviation="bts" xml:space="preserve">
        <code><![CDATA[<!DOCTYPE html>
<!--
To change this license header, choose License Headers in Project Properties.
To change this template file, choose Tools | Templates
and open the template in the editor.
-->
<!DOCTYPE html>
<html lang="en">
  <head>
    <meta charset="utf-8">
    <meta http-equiv="X-UA-Compatible" content="IE=edge">
    <meta name="viewport" content="width=device-width, initial-scale=1.0, maximum-scale=1.0, user-scalable=no">

    <title>New HTML</title>

    <!-- Bootstrap -->
    <!-- Latest compiled and minified CSS -->
    <link rel="stylesheet" href="https://maxcdn.bootstrapcdn.com/bootstrap/3.3.4/css/bootstrap.min.css">
    <link rel="stylesheet" href="https://maxcdn.bootstrapcdn.com/bootstrap/3.3.4/css/bootstrap-theme.min.css">
    <link rel="stylesheet" href="http://netdna.bootstrapcdn.com/font-awesome/4.0.3/css/font-awesome.css">
    
    <script src="https://ajax.googleapis.com/ajax/libs/jquery/1.11.0/jquery.min.js"></script>
    <script src="https://maxcdn.bootstrapcdn.com/bootstrap/3.3.4/js/bootstrap.min.js"></script>

    

    <!-- HTML5 shim and Respond.js for IE8 support of HTML5 elements and media queries -->
    <!-- WARNING: Respond.js doesn't work if you view the page via file:// -->
    <!--[if lt IE 9]>
      <script src="https://oss.maxcdn.com/html5shiv/3.7.2/html5shiv.min.js"></script>
      <script src="https://oss.maxcdn.com/respond/1.4.2/respond.min.js"></script>
    <![endif]-->
    
  </head>
  <body>
      <div class="container">
          <div class="row">
              <div class="col-lg-12 col-md-12 col-sm-12  col-xs-12">
                  <h1>Hello, world!</h1>
              </div>
          </div>
      </div>    
  </body>
</html>
]]></code>
        <description><![CDATA[BootStrap Template]]></description>
    </codetemplate>
    <codetemplate abbreviation="curl" xml:space="preserve">
        <code><![CDATA[$url = "${cursor}";
$ch = curl_init($url);
curl_setopt($ch, CURLOPT_RETURNTRANSFER, TRUE);
$return_data = curl_exec($ch);
curl_close($ch); ]]></code>
        <description><![CDATA[CURl PHP Functions]]></description>
    </codetemplate>
    <codetemplate abbreviation="pre" xml:space="preserve">
        <code><![CDATA[
print "<pre>";
print_r(${Value});
print "</pre>";]]></code>
        <description><![CDATA[Print Vars]]></description>
    </codetemplate>
    <codetemplate abbreviation="for" xml:space="preserve">
        <code><![CDATA[for ($x = 0; $x < count($$${value}); $x++) {
}]]></code>
        <description><![CDATA[For loop]]></description>
    </codetemplate>
    <codetemplate abbreviation="printl" xml:space="preserve">
        <code><![CDATA[$fd = fopen(${cursor}, 'w');
$out = print_r($output, true);
fwrite($fd, $out);]]></code>
        <description><![CDATA[Print File to serbver]]></description>
    </codetemplate>
    <codetemplate abbreviation="bootstrap" xml:space="preserve">
        <code><![CDATA[<!DOCTYPE html>
<!--
To change this license header, choose License Headers in Project Properties.
To change this template file, choose Tools | Templates
and open the template in the editor.
-->
<html lang="en">
  <head>
    <meta charset="utf-8">
    <meta http-equiv="X-UA-Compatible" content="IE=edge">
    <meta name="viewport" content="width=device-width, initial-scale=1.0, maximum-scale=1.0, user-scalable=no">

    <title>Template</title>

    <!-- Bootstrap -->
    <!-- Latest compiled and minified CSS -->
    <link rel="stylesheet" href="https://maxcdn.bootstrapcdn.com/bootstrap/3.3.7/css/bootstrap.min.css">
    <link rel="stylesheet" href="https://maxcdn.bootstrapcdn.com/bootstrap/3.3.7/css/bootstrap-theme.min.css">
    <link rel="stylesheet" href="https://maxcdn.bootstrapcdn.com/font-awesome/4.7.0/css/font-awesome.min.css">
    
    <script src="https://ajax.googleapis.com/ajax/libs/jquery/1.12.4/jquery.min.js"></script>
    <script src="https://maxcdn.bootstrapcdn.com/bootstrap/3.3.7/js/bootstrap.min.js"></script>

    

    <!-- HTML5 shim and Respond.js for IE8 support of HTML5 elements and media queries -->
    <!-- WARNING: Respond.js doesn't work if you view the page via file:// -->
    <!--[if lt IE 9]>
      <script src="https://oss.maxcdn.com/html5shiv/3.7.2/html5shiv.min.js"></script>
      <script src="https://oss.maxcdn.com/respond/1.4.2/respond.min.js"></script>
    <![endif]-->
    
  </head>
  <body>
      <div class="container">
          <div class="row">
              <div class="col-lg-12 col-md-12 col-sm-12  col-xs-12">
                  <h1>Hello, world!</h1>
              </div>
          </div>
      </div>    
  </body>
</html>
]]></code>
    </codetemplate>
    <codetemplate abbreviation="label" xml:space="preserve">
        <code><![CDATA[<label>${cursor}</label>]]></code>
    </codetemplate>
    <codetemplate abbreviation="prtl" xml:space="preserve">
        <code><![CDATA[$fd = fopen('_filelog.txt', 'w');
$out = print_r(${Value}, true);
fwrite($fd, $out);]]></code>
        <description><![CDATA[Print file to server]]></description>
    </codetemplate>
    <codetemplate abbreviation="meth" xml:space="preserve">
        <code><![CDATA[public function ${MethodName}($$${value}) {
}  ]]></code>
    </codetemplate>
</codetemplates>
