<?xml version="1.0" encoding="UTF-8"?>
<!DOCTYPE codetemplates PUBLIC "-//NetBeans//DTD Editor Code Templates settings 1.0//EN" "http://www.netbeans.org/dtds/EditorCodeTemplates-1_0.dtd">
<codetemplates>
    <codetemplate abbreviation="button" xml:space="preserve">
        <code><![CDATA[<button type="button" class="btn btn-default">${cursor}</button>]]></code>
    </codetemplate>
    <codetemplate abbreviation="div" xml:space="preserve">
        <code><![CDATA[<div class="${cursor}">
       
</div>]]></code>
        <description><![CDATA[Creates DIV Tag]]></description>
    </codetemplate>
    <codetemplate abbreviation="input" xml:space="preserve">
        <code><![CDATA[<input type="text" class="form-control" name="${cursor}" value=""/>]]></code>
    </codetemplate>
    <codetemplate abbreviation="style" xml:space="preserve">
        <code><![CDATA[<style>${cursor}</style>]]></code>
    </codetemplate>
    <codetemplate abbreviation="bootstrap" xml:space="preserve">
        <code><![CDATA[<!DOCTYPE html>
<!--
To change this license header, choose License Headers in Project Properties.
To change this template file, choose Tools | Templates
and open the template in the editor.
-->
<html lang="en">
  <head>
    <meta charset="utf-8">
    <meta http-equiv="X-UA-Compatible" content="IE=edge">
    <meta name="viewport" content="width=device-width, initial-scale=1.0, maximum-scale=1.0, user-scalable=no">

    <title>New HTML</title>

    <!-- Bootstrap -->
    <!-- Latest compiled and minified CSS -->
    <link rel="stylesheet" href="https://maxcdn.bootstrapcdn.com/bootstrap/3.3.7/css/bootstrap.min.css">
    <link rel="stylesheet" href="https://maxcdn.bootstrapcdn.com/bootstrap/3.3.7/css/bootstrap-theme.min.css">
    <link rel="stylesheet" href="https://maxcdn.bootstrapcdn.com/font-awesome/4.7.0/css/font-awesome.min.css">
    
    <script src="https://ajax.googleapis.com/ajax/libs/jquery/1.12.4/jquery.min.js"></script>
    <script src="https://maxcdn.bootstrapcdn.com/bootstrap/3.3.7/js/bootstrap.min.js"></script>

    

    <!-- HTML5 shim and Respond.js for IE8 support of HTML5 elements and media queries -->
    <!-- WARNING: Respond.js doesn't work if you view the page via file:// -->
    <!--[if lt IE 9]>
      <script src="https://oss.maxcdn.com/html5shiv/3.7.2/html5shiv.min.js"></script>
      <script src="https://oss.maxcdn.com/respond/1.4.2/respond.min.js"></script>
    <![endif]-->
    
  </head>
  <body>
      <div class="container">
          <div class="row">
              <div class="col-lg-12 col-md-12 col-sm-12  col-xs-12">
                  <h1>Hello, world!</h1>
              </div>
          </div>
      </div>    
  </body>
</html>
]]></code>
        <description><![CDATA[BootStrap Template]]></description>
    </codetemplate>
    <codetemplate abbreviation="label" xml:space="preserve">
        <code><![CDATA[<label>${cursor}</label>]]></code>
    </codetemplate>
    <codetemplate abbreviation="btn" xml:space="preserve">
        <code><![CDATA[<button class="${cursor}"></button>]]></code>
        <description><![CDATA[Creates a button]]></description>
    </codetemplate>
    <codetemplate abbreviation="script" xml:space="preserve">
        <code><![CDATA[<script>${cursor}</script>]]></code>
    </codetemplate>
</codetemplates>
